{"cameraMode":{"drawMode":0,"name":"Shaded","section":"Shading Mode"},"sceneLighting":false,"audioPlay":false,"sceneViewState":{"m_AlwaysRefresh":false,"showFog":true,"showSkybox":false,"showFlares":true,"showImageEffects":true,"showParticleSystems":true,"showVisualEffectGraphs":true,"m_FxEnabled":true},"in2DMode":false,"pivot":{"x":-0.0026082992553710939,"y":0.9426648616790772,"z":-0.03475584089756012},"rotation":{"x":0.08509089052677155,"y":-0.779352605342865,"z":0.10847990959882736,"w":0.6112589240074158},"size":1.022590160369873,"orthographic":false}