{"cameraMode":{"drawMode":0,"name":"Shaded","section":"Shading Mode"},"sceneLighting":false,"audioPlay":false,"sceneViewState":{"m_AlwaysRefresh":false,"showFog":false,"showSkybox":false,"showFlares":false,"showImageEffects":false,"showParticleSystems":false,"showVisualEffectGraphs":true,"m_FxEnabled":true},"in2DMode":false,"pivot":{"x":0.5934994220733643,"y":1.2109458446502686,"z":0.0642646849155426},"rotation":{"x":0.00013905524974688888,"y":-0.9992870688438416,"z":-0.004188215360045433,"w":-0.03806961327791214},"size":1.5825318098068238,"orthographic":false}