{"cameraMode":{"drawMode":0,"name":"Shaded","section":"Shading Mode"},"sceneLighting":false,"audioPlay":false,"sceneViewState":{"m_AlwaysRefresh":false,"showFog":false,"showSkybox":false,"showFlares":false,"showImageEffects":false,"showParticleSystems":false,"showVisualEffectGraphs":true,"m_FxEnabled":true},"in2DMode":false,"pivot":{"x":4.76837158203125e-7,"y":0.8783712387084961,"z":0.005889609456062317},"rotation":{"x":-0.014104858972132206,"y":0.9758468270301819,"z":-0.06627330183982849,"w":-0.2076866775751114},"size":1.3227510452270508,"orthographic":false}